hs4,품목명,google_signal,google_reason,kotra_signal,kotra_reason,final_signal_추천,결합근거,HHI_위험등급
2938,기타,RED,"① [Google] 매칭 근거: 수출금지 (최고점수 13, Google 61건 중 위험/주의 8건) | ② 최고 위험 기사: [2026-07-31] 트럼프 ""핵심광물 재활용 필수""…폐배터리 등 수출 금지 지시 - 네이트 | ③ 판정: 위험 신호 반복/고득점 확인 → 구조적 RED 판정과 일치, 즉시 대체선 검토 권고.",NO_DATA,[KOTRA] 관련 기사 0건 수집. | 이 소스만으로는 판단 불가 — 신호는 구조지표(HHI)로 대체 판단 필요. | 다른 소스(Google/KOTRA)의 결과를 함께 확인할 것.,RED,"Google(조기경보) RED, KOTRA 데이터 부족(발행빈도 낮음) → Google 단독 RED 채택",RED
7907,아연으로 만든 그 밖의 제품,NO_DATA,[Google] 관련 기사 0건 수집. | 이 소스만으로는 판단 불가 — 신호는 구조지표(HHI)로 대체 판단 필요. | 다른 소스(Google/KOTRA)의 결과를 함께 확인할 것.,GREEN,"① [KOTRA] 매칭 근거: 매칭 키워드 없음 (최고점수 0, KOTRA 1건 중 위험/주의 0건) | ② 최고 위험 기사: [2026-05-27] 아연(Zinc) 정광 수출 강국 미국, 한국의 공급선 다변화 기회 될까 | ③ 판정: 위험 신호 미확인 → 뉴스상으로는 안정적, 다만 구조적 HHI 위험도는 별도 확인 필요.",NO_DATA,두 소스 모두 저위험 → 최댓값 채택,RED
7204,기타,RED,"① [Google] 매칭 근거: 수출금지 (최고점수 13, Google 61건 중 위험/주의 8건) | ② 최고 위험 기사: [2026-07-31] 트럼프 ""핵심광물 재활용 필수""…폐배터리 등 수출 금지 지시 - 네이트 | ③ 판정: 위험 신호 반복/고득점 확인 → 구조적 RED 판정과 일치, 즉시 대체선 검토 권고.",NO_DATA,[KOTRA] 관련 기사 0건 수집. | 이 소스만으로는 판단 불가 — 신호는 구조지표(HHI)로 대체 판단 필요. | 다른 소스(Google/KOTRA)의 결과를 함께 확인할 것.,RED,"Google(조기경보) RED, KOTRA 데이터 부족(발행빈도 낮음) → Google 단독 RED 채택",YELLOW
2707,기타,RED,"① [Google] 매칭 근거: 수출금지 (최고점수 13, Google 61건 중 위험/주의 8건) | ② 최고 위험 기사: [2026-07-31] 트럼프 ""핵심광물 재활용 필수""…폐배터리 등 수출 금지 지시 - 네이트 | ③ 판정: 위험 신호 반복/고득점 확인 → 구조적 RED 판정과 일치, 즉시 대체선 검토 권고.",NO_DATA,[KOTRA] 관련 기사 0건 수집. | 이 소스만으로는 판단 불가 — 신호는 구조지표(HHI)로 대체 판단 필요. | 다른 소스(Google/KOTRA)의 결과를 함께 확인할 것.,RED,"Google(조기경보) RED, KOTRA 데이터 부족(발행빈도 낮음) → Google 단독 RED 채택",RED
2914,기타,RED,"① [Google] 매칭 근거: 수출금지 (최고점수 13, Google 61건 중 위험/주의 8건) | ② 최고 위험 기사: [2026-07-31] 트럼프 ""핵심광물 재활용 필수""…폐배터리 등 수출 금지 지시 - 네이트 | ③ 판정: 위험 신호 반복/고득점 확인 → 구조적 RED 판정과 일치, 즉시 대체선 검토 권고.",NO_DATA,[KOTRA] 관련 기사 0건 수집. | 이 소스만으로는 판단 불가 — 신호는 구조지표(HHI)로 대체 판단 필요. | 다른 소스(Google/KOTRA)의 결과를 함께 확인할 것.,RED,"Google(조기경보) RED, KOTRA 데이터 부족(발행빈도 낮음) → Google 단독 RED 채택",RED
3822,기타,RED,"① [Google] 매칭 근거: 수출금지 (최고점수 13, Google 61건 중 위험/주의 8건) | ② 최고 위험 기사: [2026-07-31] 트럼프 ""핵심광물 재활용 필수""…폐배터리 등 수출 금지 지시 - 네이트 | ③ 판정: 위험 신호 반복/고득점 확인 → 구조적 RED 판정과 일치, 즉시 대체선 검토 권고.",NO_DATA,[KOTRA] 관련 기사 0건 수집. | 이 소스만으로는 판단 불가 — 신호는 구조지표(HHI)로 대체 판단 필요. | 다른 소스(Google/KOTRA)의 결과를 함께 확인할 것.,RED,"Google(조기경보) RED, KOTRA 데이터 부족(발행빈도 낮음) → Google 단독 RED 채택",YELLOW
7004,그 밖의 유리,GREEN,"① [Google] 매칭 근거: 매칭 키워드 없음 (최고점수 0, Google 1건 중 위험/주의 0건) | ② 최고 위험 기사: [2026-07-27] 재판부, 윤석열 양형 이유 설명...""자신에 유리하게 허위사실 공표"" [현장영상+] - YTN | ③ 판정: 위험 신호 미확인 → 뉴스상으로는 안정적, 다만 구조적 HHI 위험도는 별도 확인 필요.",NO_DATA,[KOTRA] 관련 기사 0건 수집. | 이 소스만으로는 판단 불가 — 신호는 구조지표(HHI)로 대체 판단 필요. | 다른 소스(Google/KOTRA)의 결과를 함께 확인할 것.,GREEN,두 소스 모두 저위험 → 최댓값 채택,RED
2843,그 밖의 화합물과 아말감(amalga,NO_DATA,[Google] 관련 기사 0건 수집. | 이 소스만으로는 판단 불가 — 신호는 구조지표(HHI)로 대체 판단 필요. | 다른 소스(Google/KOTRA)의 결과를 함께 확인할 것.,NO_DATA,[KOTRA] 관련 기사 0건 수집. | 이 소스만으로는 판단 불가 — 신호는 구조지표(HHI)로 대체 판단 필요. | 다른 소스(Google/KOTRA)의 결과를 함께 확인할 것.,NO_DATA,두 소스 모두 저위험 → 최댓값 채택,YELLOW
3826,바이오디젤과 그 혼합물[석유나 역청유,NO_DATA,[Google] 관련 기사 0건 수집. | 이 소스만으로는 판단 불가 — 신호는 구조지표(HHI)로 대체 판단 필요. | 다른 소스(Google/KOTRA)의 결과를 함께 확인할 것.,GREEN,"① [KOTRA] 매칭 근거: 매칭 키워드 없음 (최고점수 0, KOTRA 22건 중 위험/주의 0건) | ② 최고 위험 기사: [2026-08-04] 캄보디아 화장품 시장, 현지 바이어가 말하는 트렌드와 기회 | ③ 판정: 위험 신호 미확인 → 뉴스상으로는 안정적, 다만 구조적 HHI 위험도는 별도 확인 필요.",NO_DATA,두 소스 모두 저위험 → 최댓값 채택,RED
2607,납광과 그 정광(精鑛),NO_DATA,[Google] 관련 기사 0건 수집. | 이 소스만으로는 판단 불가 — 신호는 구조지표(HHI)로 대체 판단 필요. | 다른 소스(Google/KOTRA)의 결과를 함께 확인할 것.,NO_DATA,[KOTRA] 관련 기사 0건 수집. | 이 소스만으로는 판단 불가 — 신호는 구조지표(HHI)로 대체 판단 필요. | 다른 소스(Google/KOTRA)의 결과를 함께 확인할 것.,NO_DATA,두 소스 모두 저위험 → 최댓값 채택,YELLOW
3003,기타,RED,"① [Google] 매칭 근거: 수출금지 (최고점수 13, Google 61건 중 위험/주의 8건) | ② 최고 위험 기사: [2026-07-31] 트럼프 ""핵심광물 재활용 필수""…폐배터리 등 수출 금지 지시 - 네이트 | ③ 판정: 위험 신호 반복/고득점 확인 → 구조적 RED 판정과 일치, 즉시 대체선 검토 권고.",GREEN,"① [KOTRA] 매칭 근거: 매칭 키워드 없음 (최고점수 0, KOTRA 1건 중 위험/주의 0건) | ② 최고 위험 기사: [2026-05-11] 수입에서 자립으로 가고 있는 알제리 의약품 시장 | ③ 판정: 위험 신호 미확인 → 뉴스상으로는 안정적, 다만 구조적 HHI 위험도는 별도 확인 필요.",RED,"Google(조기경보) RED, KOTRA 데이터 부족(발행빈도 낮음) → Google 단독 RED 채택",YELLOW
2930,기타,RED,"① [Google] 매칭 근거: 수출금지 (최고점수 13, Google 61건 중 위험/주의 8건) | ② 최고 위험 기사: [2026-07-31] 트럼프 ""핵심광물 재활용 필수""…폐배터리 등 수출 금지 지시 - 네이트 | ③ 판정: 위험 신호 반복/고득점 확인 → 구조적 RED 판정과 일치, 즉시 대체선 검토 권고.",GREEN,"① [KOTRA] 매칭 근거: 매칭 키워드 없음 (최고점수 0, KOTRA 1건 중 위험/주의 0건) | ② 최고 위험 기사: [2026-06-05] 페루 중장비 시장 성장세 지속&hellip; 한국산 장비 수입 확대 | ③ 판정: 위험 신호 미확인 → 뉴스상으로는 안정적, 다만 구조적 HHI 위험도는 별도 확인 필요.",RED,"Google(조기경보) RED, KOTRA 데이터 부족(발행빈도 낮음) → Google 단독 RED 채택",YELLOW
2911,아세탈ㆍ헤미아세탈(그 밖의 산소관능 ,NO_DATA,[Google] 관련 기사 0건 수집. | 이 소스만으로는 판단 불가 — 신호는 구조지표(HHI)로 대체 판단 필요. | 다른 소스(Google/KOTRA)의 결과를 함께 확인할 것.,GREEN,"① [KOTRA] 매칭 근거: 매칭 키워드 없음 (최고점수 0, KOTRA 5건 중 위험/주의 0건) | ② 최고 위험 기사: [2026-08-05] 아세안 최대 말레이시아 식음료 전시회 &#39;MIFB 2026&#39; 참관기 | ③ 판정: 위험 신호 미확인 → 뉴스상으로는 안정적, 다만 구조적 HHI 위험도는 별도 확인 필요.",NO_DATA,두 소스 모두 저위험 → 최댓값 채택,YELLOW
7804,시트(sheet)ㆍ스트립ㆍ박(箔)[두,NO_DATA,[Google] 관련 기사 0건 수집. | 이 소스만으로는 판단 불가 — 신호는 구조지표(HHI)로 대체 판단 필요. | 다른 소스(Google/KOTRA)의 결과를 함께 확인할 것.,GREEN,"① [KOTRA] 매칭 근거: 매칭 키워드 없음 (최고점수 0, KOTRA 1건 중 위험/주의 0건) | ② 최고 위험 기사: [2026-07-06] 베트남 유아용 카시트 시장의 부상: 카시트 장착 의무화가 바꾸는 소비 지형 | ③ 판정: 위험 신호 미확인 → 뉴스상으로는 안정적, 다만 구조적 HHI 위험도는 별도 확인 필요.",NO_DATA,두 소스 모두 저위험 → 최댓값 채택,RED
3909,폴리우레탄,GREEN,"① [Google] 매칭 근거: 매칭 키워드 없음 (최고점수 3, Google 24건 중 위험/주의 0건) | ② 최고 위험 기사: [2026-07-30] [Company Analysis] [아이씨에이치] AI 로봇 소재 기업 도약 '아이씨에이치' …주식병합·공급 | ③ 판정: 위험 신호 미확인 → 뉴스상으로는 안정적, 다만 구조적 HHI 위험도는 별도 확인 필요.",NO_DATA,[KOTRA] 관련 기사 0건 수집. | 이 소스만으로는 판단 불가 — 신호는 구조지표(HHI)로 대체 판단 필요. | 다른 소스(Google/KOTRA)의 결과를 함께 확인할 것.,GREEN,두 소스 모두 저위험 → 최댓값 채택,YELLOW
7010,기타,RED,"① [Google] 매칭 근거: 수출금지 (최고점수 13, Google 61건 중 위험/주의 8건) | ② 최고 위험 기사: [2026-07-31] 트럼프 ""핵심광물 재활용 필수""…폐배터리 등 수출 금지 지시 - 네이트 | ③ 판정: 위험 신호 반복/고득점 확인 → 구조적 RED 판정과 일치, 즉시 대체선 검토 권고.",NO_DATA,[KOTRA] 관련 기사 0건 수집. | 이 소스만으로는 판단 불가 — 신호는 구조지표(HHI)로 대체 판단 필요. | 다른 소스(Google/KOTRA)의 결과를 함께 확인할 것.,RED,"Google(조기경보) RED, KOTRA 데이터 부족(발행빈도 낮음) → Google 단독 RED 채택",YELLOW
2841,기타,RED,"① [Google] 매칭 근거: 수출금지 (최고점수 13, Google 61건 중 위험/주의 8건) | ② 최고 위험 기사: [2026-07-31] 트럼프 ""핵심광물 재활용 필수""…폐배터리 등 수출 금지 지시 - 네이트 | ③ 판정: 위험 신호 반복/고득점 확인 → 구조적 RED 판정과 일치, 즉시 대체선 검토 권고.",NO_DATA,[KOTRA] 관련 기사 0건 수집. | 이 소스만으로는 판단 불가 — 신호는 구조지표(HHI)로 대체 판단 필요. | 다른 소스(Google/KOTRA)의 결과를 함께 확인할 것.,RED,"Google(조기경보) RED, KOTRA 데이터 부족(발행빈도 낮음) → Google 단독 RED 채택",RED
2503,황[승화황(昇華黃)ㆍ침강황(沈降黃)ㆍ,NO_DATA,[Google] 관련 기사 0건 수집. | 이 소스만으로는 판단 불가 — 신호는 구조지표(HHI)로 대체 판단 필요. | 다른 소스(Google/KOTRA)의 결과를 함께 확인할 것.,NO_DATA,[KOTRA] 관련 기사 0건 수집. | 이 소스만으로는 판단 불가 — 신호는 구조지표(HHI)로 대체 판단 필요. | 다른 소스(Google/KOTRA)의 결과를 함께 확인할 것.,NO_DATA,두 소스 모두 저위험 → 최댓값 채택,RED
2706,석탄ㆍ갈탄ㆍ토탄을 증류해서 얻은 타르,NO_DATA,[Google] 관련 기사 0건 수집. | 이 소스만으로는 판단 불가 — 신호는 구조지표(HHI)로 대체 판단 필요. | 다른 소스(Google/KOTRA)의 결과를 함께 확인할 것.,GREEN,"① [KOTRA] 매칭 근거: 매칭 키워드 없음 (최고점수 0, KOTRA 1건 중 위험/주의 0건) | ② 최고 위험 기사: [2026-07-03] 인도네시아 정부, 국영기업을 통한 석탄&middot;팜유&middot;합금철 수출 중앙집중화 추진  | ③ 판정: 위험 신호 미확인 → 뉴스상으로는 안정적, 다만 구조적 HHI 위험도는 별도 확인 필요.",NO_DATA,두 소스 모두 저위험 → 최댓값 채택,RED
7228,그 밖의 봉[열간(熱間)압연ㆍ열간인발,NO_DATA,[Google] 관련 기사 0건 수집. | 이 소스만으로는 판단 불가 — 신호는 구조지표(HHI)로 대체 판단 필요. | 다른 소스(Google/KOTRA)의 결과를 함께 확인할 것.,NO_DATA,[KOTRA] 관련 기사 0건 수집. | 이 소스만으로는 판단 불가 — 신호는 구조지표(HHI)로 대체 판단 필요. | 다른 소스(Google/KOTRA)의 결과를 함께 확인할 것.,NO_DATA,두 소스 모두 저위험 → 최댓값 채택,RED
2606,알루미늄광과 그 정광(精鑛),NO_DATA,[Google] 관련 기사 0건 수집. | 이 소스만으로는 판단 불가 — 신호는 구조지표(HHI)로 대체 판단 필요. | 다른 소스(Google/KOTRA)의 결과를 함께 확인할 것.,GREEN,"① [KOTRA] 매칭 근거: 매칭 키워드 없음 (최고점수 3, KOTRA 1건 중 위험/주의 0건) | ② 최고 위험 기사: [2026-05-27] 공급망 충격과 CEPA 발효, UAE 알루미늄 공급망의 위기와 기회 | ③ 판정: 위험 신호 미확인 → 뉴스상으로는 안정적, 다만 구조적 HHI 위험도는 별도 확인 필요.",NO_DATA,두 소스 모두 저위험 → 최댓값 채택,RED
2801,요드,GREEN,"① [Google] 매칭 근거: 매칭 키워드 없음 (최고점수 0, Google 1건 중 위험/주의 0건) | ② 최고 위험 기사: [2026-08-01] 히바우두 연봉 18년 넘게 체불이라니…K리그 구단 박살내던 '아시아 초명문', ""구단 돈 없어 해체 위기""  | ③ 판정: 위험 신호 미확인 → 뉴스상으로는 안정적, 다만 구조적 HHI 위험도는 별도 확인 필요.",NO_DATA,[KOTRA] 관련 기사 0건 수집. | 이 소스만으로는 판단 불가 — 신호는 구조지표(HHI)로 대체 판단 필요. | 다른 소스(Google/KOTRA)의 결과를 함께 확인할 것.,GREEN,두 소스 모두 저위험 → 최댓값 채택,YELLOW
6811,그 밖의 시트(sheet)ㆍ패널ㆍ타일,NO_DATA,[Google] 관련 기사 0건 수집. | 이 소스만으로는 판단 불가 — 신호는 구조지표(HHI)로 대체 판단 필요. | 다른 소스(Google/KOTRA)의 결과를 함께 확인할 것.,NO_DATA,[KOTRA] 관련 기사 0건 수집. | 이 소스만으로는 판단 불가 — 신호는 구조지표(HHI)로 대체 판단 필요. | 다른 소스(Google/KOTRA)의 결과를 함께 확인할 것.,NO_DATA,두 소스 모두 저위험 → 최댓값 채택,YELLOW
2620,기타,RED,"① [Google] 매칭 근거: 수출금지 (최고점수 13, Google 63건 중 위험/주의 8건) | ② 최고 위험 기사: [2026-07-31] 트럼프 ""핵심광물 재활용 필수""…폐배터리 등 수출 금지 지시 - 네이트 | ③ 판정: 위험 신호 반복/고득점 확인 → 구조적 RED 판정과 일치, 즉시 대체선 검토 권고.",YELLOW,"① [KOTRA] 매칭 근거: 매칭 키워드 없음 (최고점수 6, KOTRA 3건 중 위험/주의 1건) | ② 최고 위험 기사: [2026-06-09] 일본 배터리 리사이클 투자 가속&hellip; 재생 니켈&middot;코발트&middot;리튬 수급, 동아시 | ③ 판정: 주의 수준 신호 일부 확인 → 구조 지표(HHI)와 함께 모니터링, 성급한 RED 격상은 지양.",RED,KOTRA 주의 + Google 위험신호 동반 → 가중 격상,YELLOW
7608,알루미늄 합금으로 만든 것,NO_DATA,[Google] 관련 기사 0건 수집. | 이 소스만으로는 판단 불가 — 신호는 구조지표(HHI)로 대체 판단 필요. | 다른 소스(Google/KOTRA)의 결과를 함께 확인할 것.,GREEN,"① [KOTRA] 매칭 근거: 매칭 키워드 없음 (최고점수 3, KOTRA 1건 중 위험/주의 0건) | ② 최고 위험 기사: [2026-05-27] 공급망 충격과 CEPA 발효, UAE 알루미늄 공급망의 위기와 기회 | ③ 판정: 위험 신호 미확인 → 뉴스상으로는 안정적, 다만 구조적 HHI 위험도는 별도 확인 필요.",NO_DATA,두 소스 모두 저위험 → 최댓값 채택,YELLOW
2519,기타,RED,"① [Google] 매칭 근거: 수출금지 (최고점수 13, Google 61건 중 위험/주의 8건) | ② 최고 위험 기사: [2026-07-31] 트럼프 ""핵심광물 재활용 필수""…폐배터리 등 수출 금지 지시 - 네이트 | ③ 판정: 위험 신호 반복/고득점 확인 → 구조적 RED 판정과 일치, 즉시 대체선 검토 권고.",NO_DATA,[KOTRA] 관련 기사 0건 수집. | 이 소스만으로는 판단 불가 — 신호는 구조지표(HHI)로 대체 판단 필요. | 다른 소스(Google/KOTRA)의 결과를 함께 확인할 것.,RED,"Google(조기경보) RED, KOTRA 데이터 부족(발행빈도 낮음) → Google 단독 RED 채택",RED
7221,스테인리스강의 봉[열간(熱間)압연한 ,NO_DATA,[Google] 관련 기사 0건 수집. | 이 소스만으로는 판단 불가 — 신호는 구조지표(HHI)로 대체 판단 필요. | 다른 소스(Google/KOTRA)의 결과를 함께 확인할 것.,GREEN,"① [KOTRA] 매칭 근거: 매칭 키워드 없음 (최고점수 0, KOTRA 2건 중 위험/주의 0건) | ② 최고 위험 기사: [2026-07-21] 제도권에 편입된 UAE 디르함 스테이블코인, 결제&middot;정산 인프라가 재편된다 | ③ 판정: 위험 신호 미확인 → 뉴스상으로는 안정적, 다만 구조적 HHI 위험도는 별도 확인 필요.",NO_DATA,두 소스 모두 저위험 → 최댓값 채택,YELLOW
6913,기타,RED,"① [Google] 매칭 근거: 수출금지 (최고점수 13, Google 61건 중 위험/주의 8건) | ② 최고 위험 기사: [2026-07-31] 트럼프 ""핵심광물 재활용 필수""…폐배터리 등 수출 금지 지시 - 네이트 | ③ 판정: 위험 신호 반복/고득점 확인 → 구조적 RED 판정과 일치, 즉시 대체선 검토 권고.",NO_DATA,[KOTRA] 관련 기사 0건 수집. | 이 소스만으로는 판단 불가 — 신호는 구조지표(HHI)로 대체 판단 필요. | 다른 소스(Google/KOTRA)의 결과를 함께 확인할 것.,RED,"Google(조기경보) RED, KOTRA 데이터 부족(발행빈도 낮음) → Google 단독 RED 채택",YELLOW
3206,기타,RED,"① [Google] 매칭 근거: 수출금지 (최고점수 13, Google 61건 중 위험/주의 8건) | ② 최고 위험 기사: [2026-07-31] 트럼프 ""핵심광물 재활용 필수""…폐배터리 등 수출 금지 지시 - 네이트 | ③ 판정: 위험 신호 반복/고득점 확인 → 구조적 RED 판정과 일치, 즉시 대체선 검토 권고.",NO_DATA,[KOTRA] 관련 기사 0건 수집. | 이 소스만으로는 판단 불가 — 신호는 구조지표(HHI)로 대체 판단 필요. | 다른 소스(Google/KOTRA)의 결과를 함께 확인할 것.,RED,"Google(조기경보) RED, KOTRA 데이터 부족(발행빈도 낮음) → Google 단독 RED 채택",YELLOW
3804,목재펄프를 제조할 때 생기는 폐액(廢,NO_DATA,[Google] 관련 기사 0건 수집. | 이 소스만으로는 판단 불가 — 신호는 구조지표(HHI)로 대체 판단 필요. | 다른 소스(Google/KOTRA)의 결과를 함께 확인할 것.,NO_DATA,[KOTRA] 관련 기사 0건 수집. | 이 소스만으로는 판단 불가 — 신호는 구조지표(HHI)로 대체 판단 필요. | 다른 소스(Google/KOTRA)의 결과를 함께 확인할 것.,NO_DATA,두 소스 모두 저위험 → 최댓값 채택,YELLOW
2924,기타,RED,"① [Google] 매칭 근거: 수출금지 (최고점수 13, Google 61건 중 위험/주의 8건) | ② 최고 위험 기사: [2026-07-31] 트럼프 ""핵심광물 재활용 필수""…폐배터리 등 수출 금지 지시 - 네이트 | ③ 판정: 위험 신호 반복/고득점 확인 → 구조적 RED 판정과 일치, 즉시 대체선 검토 권고.",NO_DATA,[KOTRA] 관련 기사 0건 수집. | 이 소스만으로는 판단 불가 — 신호는 구조지표(HHI)로 대체 판단 필요. | 다른 소스(Google/KOTRA)의 결과를 함께 확인할 것.,RED,"Google(조기경보) RED, KOTRA 데이터 부족(발행빈도 낮음) → Google 단독 RED 채택",YELLOW
2530,기타,RED,"① [Google] 매칭 근거: 수출금지 (최고점수 13, Google 63건 중 위험/주의 8건) | ② 최고 위험 기사: [2026-07-31] 트럼프 ""핵심광물 재활용 필수""…폐배터리 등 수출 금지 지시 - 네이트 | ③ 판정: 위험 신호 반복/고득점 확인 → 구조적 RED 판정과 일치, 즉시 대체선 검토 권고.",NO_DATA,[KOTRA] 관련 기사 0건 수집. | 이 소스만으로는 판단 불가 — 신호는 구조지표(HHI)로 대체 판단 필요. | 다른 소스(Google/KOTRA)의 결과를 함께 확인할 것.,RED,"Google(조기경보) RED, KOTRA 데이터 부족(발행빈도 낮음) → Google 단독 RED 채택",RED
3908,"폴리아미드-6, -11, -12, -",GREEN,"① [Google] 매칭 근거: 매칭 키워드 없음 (최고점수 0, Google 2건 중 위험/주의 0건) | ② 최고 위험 기사: [2026-07-26] 나일론 시장 크기, 공유, 동향, 성장, 예측 2033 - Spherical Insights | ③ 판정: 위험 신호 미확인 → 뉴스상으로는 안정적, 다만 구조적 HHI 위험도는 별도 확인 필요.",NO_DATA,[KOTRA] 관련 기사 0건 수집. | 이 소스만으로는 판단 불가 — 신호는 구조지표(HHI)로 대체 판단 필요. | 다른 소스(Google/KOTRA)의 결과를 함께 확인할 것.,GREEN,두 소스 모두 저위험 → 최댓값 채택,YELLOW
7504,니켈의 가루와 플레이크(flake),NO_DATA,[Google] 관련 기사 0건 수집. | 이 소스만으로는 판단 불가 — 신호는 구조지표(HHI)로 대체 판단 필요. | 다른 소스(Google/KOTRA)의 결과를 함께 확인할 것.,YELLOW,"① [KOTRA] 매칭 근거: 매칭 키워드 없음 (최고점수 6, KOTRA 2건 중 위험/주의 2건) | ② 최고 위험 기사: [2026-07-15] 인도네시아 니켈 생산 쿼터(RKAB) 제도 개편과 글로벌 공급망 파급 효과 | ③ 판정: 주의 수준 신호 일부 확인 → 구조 지표(HHI)와 함께 모니터링, 성급한 RED 격상은 지양.",YELLOW,두 소스 모두 저위험 → 최댓값 채택,YELLOW
7105,다이아몬드의 것,GREEN,"① [Google] 매칭 근거: 매칭 키워드 없음 (최고점수 0, Google 5건 중 위험/주의 0건) | ② 최고 위험 기사: [2026-08-03] [D-BIZ 글로벌 뉴스] 드 비어스 그룹, 상하이에서 ‘데저트 다이아몬드’ 아시아 첫 선…“진정성·개성·내 | ③ 판정: 위험 신호 미확인 → 뉴스상으로는 안정적, 다만 구조적 HHI 위험도는 별도 확인 필요.",GREEN,"① [KOTRA] 매칭 근거: 매칭 키워드 없음 (최고점수 0, KOTRA 4건 중 위험/주의 0건) | ② 최고 위험 기사: [2026-07-06] 글로벌 생산량의 95% 차지, 중국 인조다이아몬드 산업 동향  | ③ 판정: 위험 신호 미확인 → 뉴스상으로는 안정적, 다만 구조적 HHI 위험도는 별도 확인 필요.",GREEN,두 소스 모두 저위험 → 최댓값 채택,RED
2817,산화아연과 과산화아연,NO_DATA,[Google] 관련 기사 0건 수집. | 이 소스만으로는 판단 불가 — 신호는 구조지표(HHI)로 대체 판단 필요. | 다른 소스(Google/KOTRA)의 결과를 함께 확인할 것.,GREEN,"① [KOTRA] 매칭 근거: 매칭 키워드 없음 (최고점수 0, KOTRA 1건 중 위험/주의 0건) | ② 최고 위험 기사: [2026-07-21] 중국 조선 세계 1위의 그늘, 기자재 국산화율 54%&hellip; 韓 기업, 고부가 선박에서 답을 찾다 | ③ 판정: 위험 신호 미확인 → 뉴스상으로는 안정적, 다만 구조적 HHI 위험도는 별도 확인 필요.",NO_DATA,두 소스 모두 저위험 → 최댓값 채택,YELLOW
2704,코크스와 반성(半成) 코크스(석탄ㆍ갈,NO_DATA,[Google] 관련 기사 0건 수집. | 이 소스만으로는 판단 불가 — 신호는 구조지표(HHI)로 대체 판단 필요. | 다른 소스(Google/KOTRA)의 결과를 함께 확인할 것.,NO_DATA,[KOTRA] 관련 기사 0건 수집. | 이 소스만으로는 판단 불가 — 신호는 구조지표(HHI)로 대체 판단 필요. | 다른 소스(Google/KOTRA)의 결과를 함께 확인할 것.,NO_DATA,두 소스 모두 저위험 → 최댓값 채택,RED
2513,부석,YELLOW,"① [Google] 매칭 근거: 긴장 (최고점수 5, Google 4건 중 위험/주의 1건) | ② 최고 위험 기사: [2026-07-29] [분석] 중국 CXMT 상장 흥행에 K반도체 긴장…증시 덮친 '추격론' - 오늘경제 | ③ 판정: 주의 수준 신호 일부 확인 → 구조 지표(HHI)와 함께 모니터링, 성급한 RED 격상은 지양.",NO_DATA,[KOTRA] 관련 기사 0건 수집. | 이 소스만으로는 판단 불가 — 신호는 구조지표(HHI)로 대체 판단 필요. | 다른 소스(Google/KOTRA)의 결과를 함께 확인할 것.,YELLOW,두 소스 모두 저위험 → 최댓값 채택,YELLOW
7011,기타,RED,"① [Google] 매칭 근거: 수출금지 (최고점수 13, Google 61건 중 위험/주의 8건) | ② 최고 위험 기사: [2026-07-31] 트럼프 ""핵심광물 재활용 필수""…폐배터리 등 수출 금지 지시 - 네이트 | ③ 판정: 위험 신호 반복/고득점 확인 → 구조적 RED 판정과 일치, 즉시 대체선 검토 권고.",GREEN,"① [KOTRA] 매칭 근거: 매칭 키워드 없음 (최고점수 0, KOTRA 1건 중 위험/주의 0건) | ② 최고 위험 기사: [2026-06-05] 페루 중장비 시장 성장세 지속&hellip; 한국산 장비 수입 확대 | ③ 판정: 위험 신호 미확인 → 뉴스상으로는 안정적, 다만 구조적 HHI 위험도는 별도 확인 필요.",RED,"Google(조기경보) RED, KOTRA 데이터 부족(발행빈도 낮음) → Google 단독 RED 채택",YELLOW
2820,이산화망간,NO_DATA,[Google] 관련 기사 0건 수집. | 이 소스만으로는 판단 불가 — 신호는 구조지표(HHI)로 대체 판단 필요. | 다른 소스(Google/KOTRA)의 결과를 함께 확인할 것.,NO_DATA,[KOTRA] 관련 기사 0건 수집. | 이 소스만으로는 판단 불가 — 신호는 구조지표(HHI)로 대체 판단 필요. | 다른 소스(Google/KOTRA)의 결과를 함께 확인할 것.,NO_DATA,두 소스 모두 저위험 → 최댓값 채택,RED
2940,당류(화학적으로 순수한 것으로 한정하,NO_DATA,[Google] 관련 기사 0건 수집. | 이 소스만으로는 판단 불가 — 신호는 구조지표(HHI)로 대체 판단 필요. | 다른 소스(Google/KOTRA)의 결과를 함께 확인할 것.,GREEN,"① [KOTRA] 매칭 근거: 매칭 키워드 없음 (최고점수 0, KOTRA 1건 중 위험/주의 0건) | ② 최고 위험 기사: [2026-06-05] 페루 중장비 시장 성장세 지속&hellip; 한국산 장비 수입 확대 | ③ 판정: 위험 신호 미확인 → 뉴스상으로는 안정적, 다만 구조적 HHI 위험도는 별도 확인 필요.",NO_DATA,두 소스 모두 저위험 → 최댓값 채택,YELLOW
2613,기타,RED,"① [Google] 매칭 근거: 수출금지 (최고점수 13, Google 67건 중 위험/주의 9건) | ② 최고 위험 기사: [2026-07-31] 트럼프 ""핵심광물 재활용 필수""…폐배터리 등 수출 금지 지시 - 네이트 | ③ 판정: 위험 신호 반복/고득점 확인 → 구조적 RED 판정과 일치, 즉시 대체선 검토 권고.",NO_DATA,[KOTRA] 관련 기사 0건 수집. | 이 소스만으로는 판단 불가 — 신호는 구조지표(HHI)로 대체 판단 필요. | 다른 소스(Google/KOTRA)의 결과를 함께 확인할 것.,RED,"Google(조기경보) RED, KOTRA 데이터 부족(발행빈도 낮음) → Google 단독 RED 채택",YELLOW
7013,기타,RED,"① [Google] 매칭 근거: 수출금지 (최고점수 13, Google 61건 중 위험/주의 8건) | ② 최고 위험 기사: [2026-07-31] 트럼프 ""핵심광물 재활용 필수""…폐배터리 등 수출 금지 지시 - 네이트 | ③ 판정: 위험 신호 반복/고득점 확인 → 구조적 RED 판정과 일치, 즉시 대체선 검토 권고.",GREEN,"① [KOTRA] 매칭 근거: 매칭 키워드 없음 (최고점수 0, KOTRA 1건 중 위험/주의 0건) | ② 최고 위험 기사: [2026-06-05] 페루 중장비 시장 성장세 지속&hellip; 한국산 장비 수입 확대 | ③ 판정: 위험 신호 미확인 → 뉴스상으로는 안정적, 다만 구조적 HHI 위험도는 별도 확인 필요.",RED,"Google(조기경보) RED, KOTRA 데이터 부족(발행빈도 낮음) → Google 단독 RED 채택",RED
2831,아이티온산나트륨과 술폭실산나트륨,NO_DATA,[Google] 관련 기사 0건 수집. | 이 소스만으로는 판단 불가 — 신호는 구조지표(HHI)로 대체 판단 필요. | 다른 소스(Google/KOTRA)의 결과를 함께 확인할 것.,GREEN,"① [KOTRA] 매칭 근거: 매칭 키워드 없음 (최고점수 0, KOTRA 4건 중 위험/주의 0건) | ② 최고 위험 기사: [2026-07-09] 삼성중공업, 베트남 꽝응아이 법인 개소식 개최 | ③ 판정: 위험 신호 미확인 → 뉴스상으로는 안정적, 다만 구조적 HHI 위험도는 별도 확인 필요.",NO_DATA,두 소스 모두 저위험 → 최댓값 채택,YELLOW
7107,은을 입힌 비금속(卑金屬)(반가공한 ,NO_DATA,[Google] 관련 기사 0건 수집. | 이 소스만으로는 판단 불가 — 신호는 구조지표(HHI)로 대체 판단 필요. | 다른 소스(Google/KOTRA)의 결과를 함께 확인할 것.,NO_DATA,[KOTRA] 관련 기사 0건 수집. | 이 소스만으로는 판단 불가 — 신호는 구조지표(HHI)로 대체 판단 필요. | 다른 소스(Google/KOTRA)의 결과를 함께 확인할 것.,NO_DATA,두 소스 모두 저위험 → 최댓값 채택,RED
2834,기타,RED,"① [Google] 매칭 근거: 수출금지 (최고점수 13, Google 61건 중 위험/주의 8건) | ② 최고 위험 기사: [2026-07-31] 트럼프 ""핵심광물 재활용 필수""…폐배터리 등 수출 금지 지시 - 네이트 | ③ 판정: 위험 신호 반복/고득점 확인 → 구조적 RED 판정과 일치, 즉시 대체선 검토 권고.",NO_DATA,[KOTRA] 관련 기사 0건 수집. | 이 소스만으로는 판단 불가 — 신호는 구조지표(HHI)로 대체 판단 필요. | 다른 소스(Google/KOTRA)의 결과를 함께 확인할 것.,RED,"Google(조기경보) RED, KOTRA 데이터 부족(발행빈도 낮음) → Google 단독 RED 채택",YELLOW
2918,기타,RED,"① [Google] 매칭 근거: 수출금지 (최고점수 13, Google 61건 중 위험/주의 8건) | ② 최고 위험 기사: [2026-07-31] 트럼프 ""핵심광물 재활용 필수""…폐배터리 등 수출 금지 지시 - 네이트 | ③ 판정: 위험 신호 반복/고득점 확인 → 구조적 RED 판정과 일치, 즉시 대체선 검토 권고.",NO_DATA,[KOTRA] 관련 기사 0건 수집. | 이 소스만으로는 판단 불가 — 신호는 구조지표(HHI)로 대체 판단 필요. | 다른 소스(Google/KOTRA)의 결과를 함께 확인할 것.,RED,"Google(조기경보) RED, KOTRA 데이터 부족(발행빈도 낮음) → Google 단독 RED 채택",YELLOW
7802,납의 웨이스트(waste)와 스크랩(,NO_DATA,[Google] 관련 기사 0건 수집. | 이 소스만으로는 판단 불가 — 신호는 구조지표(HHI)로 대체 판단 필요. | 다른 소스(Google/KOTRA)의 결과를 함께 확인할 것.,NO_DATA,[KOTRA] 관련 기사 0건 수집. | 이 소스만으로는 판단 불가 — 신호는 구조지표(HHI)로 대체 판단 필요. | 다른 소스(Google/KOTRA)의 결과를 함께 확인할 것.,NO_DATA,두 소스 모두 저위험 → 최댓값 채택,RED
3811,기타,RED,"① [Google] 매칭 근거: 수출금지 (최고점수 13, Google 62건 중 위험/주의 8건) | ② 최고 위험 기사: [2026-07-31] 트럼프 ""핵심광물 재활용 필수""…폐배터리 등 수출 금지 지시 - 네이트 | ③ 판정: 위험 신호 반복/고득점 확인 → 구조적 RED 판정과 일치, 즉시 대체선 검토 권고.",NO_DATA,[KOTRA] 관련 기사 0건 수집. | 이 소스만으로는 판단 불가 — 신호는 구조지표(HHI)로 대체 판단 필요. | 다른 소스(Google/KOTRA)의 결과를 함께 확인할 것.,RED,"Google(조기경보) RED, KOTRA 데이터 부족(발행빈도 낮음) → Google 단독 RED 채택",YELLOW
7005,기타,RED,"① [Google] 매칭 근거: 수출금지 (최고점수 13, Google 61건 중 위험/주의 8건) | ② 최고 위험 기사: [2026-07-31] 트럼프 ""핵심광물 재활용 필수""…폐배터리 등 수출 금지 지시 - 네이트 | ③ 판정: 위험 신호 반복/고득점 확인 → 구조적 RED 판정과 일치, 즉시 대체선 검토 권고.",NO_DATA,[KOTRA] 관련 기사 0건 수집. | 이 소스만으로는 판단 불가 — 신호는 구조지표(HHI)로 대체 판단 필요. | 다른 소스(Google/KOTRA)의 결과를 함께 확인할 것.,RED,"Google(조기경보) RED, KOTRA 데이터 부족(발행빈도 낮음) → Google 단독 RED 채택",YELLOW
7207,탄소의 함유량이 전 중량의 100분의,NO_DATA,[Google] 관련 기사 0건 수집. | 이 소스만으로는 판단 불가 — 신호는 구조지표(HHI)로 대체 판단 필요. | 다른 소스(Google/KOTRA)의 결과를 함께 확인할 것.,GREEN,"① [KOTRA] 매칭 근거: 매칭 키워드 없음 (최고점수 0, KOTRA 4건 중 위험/주의 0건) | ② 최고 위험 기사: [2026-07-24] 호주수소협회, 산업탈탄소화협회로 새 출발 | ③ 판정: 위험 신호 미확인 → 뉴스상으로는 안정적, 다만 구조적 HHI 위험도는 별도 확인 필요.",NO_DATA,두 소스 모두 저위험 → 최댓값 채택,YELLOW
7402,정제하지 않은 구리와 전해정제용 구리,NO_DATA,[Google] 관련 기사 0건 수집. | 이 소스만으로는 판단 불가 — 신호는 구조지표(HHI)로 대체 판단 필요. | 다른 소스(Google/KOTRA)의 결과를 함께 확인할 것.,GREEN,"① [KOTRA] 매칭 근거: 매칭 키워드 없음 (최고점수 3, KOTRA 1건 중 위험/주의 0건) | ② 최고 위험 기사: [2026-06-09] 멕시코 원유 공급망, 내수 정제 확대 정책으로 수출 축소로 재편 | ③ 판정: 위험 신호 미확인 → 뉴스상으로는 안정적, 다만 구조적 HHI 위험도는 별도 확인 필요.",NO_DATA,두 소스 모두 저위험 → 최댓값 채택,RED
3601,화약,GREEN,"① [Google] 매칭 근거: 매칭 키워드 없음 (최고점수 3, Google 11건 중 위험/주의 0건) | ② 최고 위험 기사: [2026-07-30] ‘K-유도무기의 심장’ 비츠로셀, 美 펜타곤 공급망 뚫는다 - 아시아투데이 | ③ 판정: 위험 신호 미확인 → 뉴스상으로는 안정적, 다만 구조적 HHI 위험도는 별도 확인 필요.",NO_DATA,[KOTRA] 관련 기사 0건 수집. | 이 소스만으로는 판단 불가 — 신호는 구조지표(HHI)로 대체 판단 필요. | 다른 소스(Google/KOTRA)의 결과를 함께 확인할 것.,GREEN,두 소스 모두 저위험 → 최댓값 채택,RED
2920,기타,RED,"① [Google] 매칭 근거: 수출금지 (최고점수 13, Google 61건 중 위험/주의 8건) | ② 최고 위험 기사: [2026-07-31] 트럼프 ""핵심광물 재활용 필수""…폐배터리 등 수출 금지 지시 - 네이트 | ③ 판정: 위험 신호 반복/고득점 확인 → 구조적 RED 판정과 일치, 즉시 대체선 검토 권고.",GREEN,"① [KOTRA] 매칭 근거: 매칭 키워드 없음 (최고점수 0, KOTRA 1건 중 위험/주의 0건) | ② 최고 위험 기사: [2026-06-05] 페루 중장비 시장 성장세 지속&hellip; 한국산 장비 수입 확대 | ③ 판정: 위험 신호 미확인 → 뉴스상으로는 안정적, 다만 구조적 HHI 위험도는 별도 확인 필요.",RED,"Google(조기경보) RED, KOTRA 데이터 부족(발행빈도 낮음) → Google 단독 RED 채택",RED
2827,기타,RED,"① [Google] 매칭 근거: 수출금지 (최고점수 13, Google 61건 중 위험/주의 8건) | ② 최고 위험 기사: [2026-07-31] 트럼프 ""핵심광물 재활용 필수""…폐배터리 등 수출 금지 지시 - 네이트 | ③ 판정: 위험 신호 반복/고득점 확인 → 구조적 RED 판정과 일치, 즉시 대체선 검토 권고.",NO_DATA,[KOTRA] 관련 기사 0건 수집. | 이 소스만으로는 판단 불가 — 신호는 구조지표(HHI)로 대체 판단 필요. | 다른 소스(Google/KOTRA)의 결과를 함께 확인할 것.,RED,"Google(조기경보) RED, KOTRA 데이터 부족(발행빈도 낮음) → Google 단독 RED 채택",YELLOW
7014,신호용 유리제품과 유리로 만든 광학소,NO_DATA,[Google] 관련 기사 0건 수집. | 이 소스만으로는 판단 불가 — 신호는 구조지표(HHI)로 대체 판단 필요. | 다른 소스(Google/KOTRA)의 결과를 함께 확인할 것.,GREEN,"① [KOTRA] 매칭 근거: 매칭 키워드 없음 (최고점수 0, KOTRA 2건 중 위험/주의 0건) | ② 최고 위험 기사: [2026-07-10] 운전자 없는 웨이모의 신호위반? 美 자율주행 생태계와 스마트카 진출 기회 | ③ 판정: 위험 신호 미확인 → 뉴스상으로는 안정적, 다만 구조적 HHI 위험도는 별도 확인 필요.",NO_DATA,두 소스 모두 저위험 → 최댓값 채택,RED
7209,두께가 1밀리미터 초과 3밀리미터 미,GREEN,"① [Google] 매칭 근거: 매칭 키워드 없음 (최고점수 0, Google 2건 중 위험/주의 0건) | ② 최고 위험 기사: [2026-08-05] 알리-쉬인 등 '직구' 어린이 물놀이용품에 유해물질 - 네이트 | ③ 판정: 위험 신호 미확인 → 뉴스상으로는 안정적, 다만 구조적 HHI 위험도는 별도 확인 필요.",NO_DATA,[KOTRA] 관련 기사 0건 수집. | 이 소스만으로는 판단 불가 — 신호는 구조지표(HHI)로 대체 판단 필요. | 다른 소스(Google/KOTRA)의 결과를 함께 확인할 것.,GREEN,두 소스 모두 저위험 → 최댓값 채택,RED
3207,액체 상태 러스터(lustre)와 이,NO_DATA,[Google] 관련 기사 0건 수집. | 이 소스만으로는 판단 불가 — 신호는 구조지표(HHI)로 대체 판단 필요. | 다른 소스(Google/KOTRA)의 결과를 함께 확인할 것.,NO_DATA,[KOTRA] 관련 기사 0건 수집. | 이 소스만으로는 판단 불가 — 신호는 구조지표(HHI)로 대체 판단 필요. | 다른 소스(Google/KOTRA)의 결과를 함께 확인할 것.,NO_DATA,두 소스 모두 저위험 → 최댓값 채택,YELLOW
6902,알루미나(Al2O3)ㆍ실리카(SiO2,NO_DATA,[Google] 관련 기사 0건 수집. | 이 소스만으로는 판단 불가 — 신호는 구조지표(HHI)로 대체 판단 필요. | 다른 소스(Google/KOTRA)의 결과를 함께 확인할 것.,GREEN,"① [KOTRA] 매칭 근거: 매칭 키워드 없음 (최고점수 3, KOTRA 1건 중 위험/주의 0건) | ② 최고 위험 기사: [2026-05-27] 공급망 충격과 CEPA 발효, UAE 알루미늄 공급망의 위기와 기회 | ③ 판정: 위험 신호 미확인 → 뉴스상으로는 안정적, 다만 구조적 HHI 위험도는 별도 확인 필요.",NO_DATA,두 소스 모두 저위험 → 최댓값 채택,YELLOW
2526,부수거나 가루인 것,NO_DATA,[Google] 관련 기사 0건 수집. | 이 소스만으로는 판단 불가 — 신호는 구조지표(HHI)로 대체 판단 필요. | 다른 소스(Google/KOTRA)의 결과를 함께 확인할 것.,NO_DATA,[KOTRA] 관련 기사 0건 수집. | 이 소스만으로는 판단 불가 — 신호는 구조지표(HHI)로 대체 판단 필요. | 다른 소스(Google/KOTRA)의 결과를 함께 확인할 것.,NO_DATA,두 소스 모두 저위험 → 최댓값 채택,YELLOW
2806,염화수소(염산),NO_DATA,[Google] 관련 기사 0건 수집. | 이 소스만으로는 판단 불가 — 신호는 구조지표(HHI)로 대체 판단 필요. | 다른 소스(Google/KOTRA)의 결과를 함께 확인할 것.,NO_DATA,[KOTRA] 관련 기사 0건 수집. | 이 소스만으로는 판단 불가 — 신호는 구조지표(HHI)로 대체 판단 필요. | 다른 소스(Google/KOTRA)의 결과를 함께 확인할 것.,NO_DATA,두 소스 모두 저위험 → 최댓값 채택,RED
8549,기타,RED,"① [Google] 매칭 근거: 수출금지 (최고점수 13, Google 61건 중 위험/주의 8건) | ② 최고 위험 기사: [2026-07-31] 트럼프 ""핵심광물 재활용 필수""…폐배터리 등 수출 금지 지시 - 네이트 | ③ 판정: 위험 신호 반복/고득점 확인 → 구조적 RED 판정과 일치, 즉시 대체선 검토 권고.",NO_DATA,[KOTRA] 관련 기사 0건 수집. | 이 소스만으로는 판단 불가 — 신호는 구조지표(HHI)로 대체 판단 필요. | 다른 소스(Google/KOTRA)의 결과를 함께 확인할 것.,RED,"Google(조기경보) RED, KOTRA 데이터 부족(발행빈도 낮음) → Google 단독 RED 채택",RED
7203,기타,RED,"① [Google] 매칭 근거: 수출금지 (최고점수 13, Google 61건 중 위험/주의 8건) | ② 최고 위험 기사: [2026-07-31] 트럼프 ""핵심광물 재활용 필수""…폐배터리 등 수출 금지 지시 - 네이트 | ③ 판정: 위험 신호 반복/고득점 확인 → 구조적 RED 판정과 일치, 즉시 대체선 검토 권고.",NO_DATA,[KOTRA] 관련 기사 0건 수집. | 이 소스만으로는 판단 불가 — 신호는 구조지표(HHI)로 대체 판단 필요. | 다른 소스(Google/KOTRA)의 결과를 함께 확인할 것.,RED,"Google(조기경보) RED, KOTRA 데이터 부족(발행빈도 낮음) → Google 단독 RED 채택",RED
2903,기타,RED,"① [Google] 매칭 근거: 수출금지 (최고점수 13, Google 61건 중 위험/주의 8건) | ② 최고 위험 기사: [2026-07-31] 트럼프 ""핵심광물 재활용 필수""…폐배터리 등 수출 금지 지시 - 네이트 | ③ 판정: 위험 신호 반복/고득점 확인 → 구조적 RED 판정과 일치, 즉시 대체선 검토 권고.",NO_DATA,[KOTRA] 관련 기사 0건 수집. | 이 소스만으로는 판단 불가 — 신호는 구조지표(HHI)로 대체 판단 필요. | 다른 소스(Google/KOTRA)의 결과를 함께 확인할 것.,RED,"Google(조기경보) RED, KOTRA 데이터 부족(발행빈도 낮음) → Google 단독 RED 채택",YELLOW
3918,염화비닐의 중합체로 만든 것,NO_DATA,[Google] 관련 기사 0건 수집. | 이 소스만으로는 판단 불가 — 신호는 구조지표(HHI)로 대체 판단 필요. | 다른 소스(Google/KOTRA)의 결과를 함께 확인할 것.,GREEN,"① [KOTRA] 매칭 근거: 매칭 키워드 없음 (최고점수 0, KOTRA 1건 중 위험/주의 0건) | ② 최고 위험 기사: [2026-07-22] 네덜란드 바닥재 시장을 뒤흔든 키워드, &lsquo;친환경 데이터&rsquo;와 &lsquo;루즈레이&rsq | ③ 판정: 위험 신호 미확인 → 뉴스상으로는 안정적, 다만 구조적 HHI 위험도는 별도 확인 필요.",NO_DATA,두 소스 모두 저위험 → 최댓값 채택,RED
2814,암모니아수,GREEN,"① [Google] 매칭 근거: 매칭 키워드 없음 (최고점수 0, Google 1건 중 위험/주의 0건) | ② 최고 위험 기사: [2026-08-01] [영상]LNG 다음은 암모니아?…삼성중공업이 뛰어든 이유 - 더구루 | ③ 판정: 위험 신호 미확인 → 뉴스상으로는 안정적, 다만 구조적 HHI 위험도는 별도 확인 필요.",NO_DATA,[KOTRA] 관련 기사 0건 수집. | 이 소스만으로는 판단 불가 — 신호는 구조지표(HHI)로 대체 판단 필요. | 다른 소스(Google/KOTRA)의 결과를 함께 확인할 것.,GREEN,두 소스 모두 저위험 → 최댓값 채택,YELLOW
2850,수소화물ㆍ질화물ㆍ아지드화물ㆍ규화물ㆍ붕,NO_DATA,[Google] 관련 기사 0건 수집. | 이 소스만으로는 판단 불가 — 신호는 구조지표(HHI)로 대체 판단 필요. | 다른 소스(Google/KOTRA)의 결과를 함께 확인할 것.,GREEN,"① [KOTRA] 매칭 근거: 매칭 키워드 없음 (최고점수 0, KOTRA 6건 중 위험/주의 0건) | ② 최고 위험 기사: [2026-07-24] 호주수소협회, 산업탈탄소화협회로 새 출발 | ③ 판정: 위험 신호 미확인 → 뉴스상으로는 안정적, 다만 구조적 HHI 위험도는 별도 확인 필요.",NO_DATA,두 소스 모두 저위험 → 최댓값 채택,YELLOW
6904,건축용 벽돌,GREEN,"① [Google] 매칭 근거: 매칭 키워드 없음 (최고점수 0, Google 2건 중 위험/주의 0건) | ② 최고 위험 기사: [2026-08-04] [SDG 13] 한국 저탄소 벽돌 기술, 파키스탄 현지 실증 성공…Verra 탄소사업 등록 추진 - SDG뉴 | ③ 판정: 위험 신호 미확인 → 뉴스상으로는 안정적, 다만 구조적 HHI 위험도는 별도 확인 필요.",GREEN,"① [KOTRA] 매칭 근거: 매칭 키워드 없음 (최고점수 0, KOTRA 3건 중 위험/주의 0건) | ② 최고 위험 기사: [2026-08-05] 캐나다 건설 숙련공 양성 정책과 건축시장 기회 요인 분석 | ③ 판정: 위험 신호 미확인 → 뉴스상으로는 안정적, 다만 구조적 HHI 위험도는 별도 확인 필요.",GREEN,두 소스 모두 저위험 → 최댓값 채택,RED
2525,운모 가루,NO_DATA,[Google] 관련 기사 0건 수집. | 이 소스만으로는 판단 불가 — 신호는 구조지표(HHI)로 대체 판단 필요. | 다른 소스(Google/KOTRA)의 결과를 함께 확인할 것.,NO_DATA,[KOTRA] 관련 기사 0건 수집. | 이 소스만으로는 판단 불가 — 신호는 구조지표(HHI)로 대체 판단 필요. | 다른 소스(Google/KOTRA)의 결과를 함께 확인할 것.,NO_DATA,두 소스 모두 저위험 → 최댓값 채택,YELLOW
2708,피치(pitch),GREEN,"① [Google] 매칭 근거: 매칭 키워드 없음 (최고점수 3, Google 20건 중 위험/주의 0건) | ② 최고 위험 기사: [2026-08-04] 아시아에너지, 바이오선박유 수출 신호탄…유럽 공급망 확대 나선다 - 뉴스프리존 | ③ 판정: 위험 신호 미확인 → 뉴스상으로는 안정적, 다만 구조적 HHI 위험도는 별도 확인 필요.",NO_DATA,[KOTRA] 관련 기사 0건 수집. | 이 소스만으로는 판단 불가 — 신호는 구조지표(HHI)로 대체 판단 필요. | 다른 소스(Google/KOTRA)의 결과를 함께 확인할 것.,GREEN,두 소스 모두 저위험 → 최댓값 채택,RED
7019,기타,RED,"① [Google] 매칭 근거: 수출금지 (최고점수 13, Google 61건 중 위험/주의 8건) | ② 최고 위험 기사: [2026-07-31] 트럼프 ""핵심광물 재활용 필수""…폐배터리 등 수출 금지 지시 - 네이트 | ③ 판정: 위험 신호 반복/고득점 확인 → 구조적 RED 판정과 일치, 즉시 대체선 검토 권고.",GREEN,"① [KOTRA] 매칭 근거: 매칭 키워드 없음 (최고점수 0, KOTRA 1건 중 위험/주의 0건) | ② 최고 위험 기사: [2026-06-05] 페루 중장비 시장 성장세 지속&hellip; 한국산 장비 수입 확대 | ③ 판정: 위험 신호 미확인 → 뉴스상으로는 안정적, 다만 구조적 HHI 위험도는 별도 확인 필요.",RED,"Google(조기경보) RED, KOTRA 데이터 부족(발행빈도 낮음) → Google 단독 RED 채택",YELLOW
6802,대리석ㆍ트래버틴(travertine),NO_DATA,[Google] 관련 기사 0건 수집. | 이 소스만으로는 판단 불가 — 신호는 구조지표(HHI)로 대체 판단 필요. | 다른 소스(Google/KOTRA)의 결과를 함께 확인할 것.,YELLOW,"① [KOTRA] 매칭 근거: 분쟁, 무역분쟁 (최고점수 10, KOTRA 1건 중 위험/주의 1건) | ② 최고 위험 기사: [2026-06-05] [기고] 한&middot;중 기업 무역분쟁 사례로 보는 중국의 &lsquo;익명대리&rsquo; 제도 | ③ 판정: 주의 수준 신호 일부 확인 → 구조 지표(HHI)와 함께 모니터링, 성급한 RED 격상은 지양.",YELLOW,두 소스 모두 저위험 → 최댓값 채택,RED
2942,그 밖의 유기화합물,NO_DATA,[Google] 관련 기사 0건 수집. | 이 소스만으로는 판단 불가 — 신호는 구조지표(HHI)로 대체 판단 필요. | 다른 소스(Google/KOTRA)의 결과를 함께 확인할 것.,NO_DATA,[KOTRA] 관련 기사 0건 수집. | 이 소스만으로는 판단 불가 — 신호는 구조지표(HHI)로 대체 판단 필요. | 다른 소스(Google/KOTRA)의 결과를 함께 확인할 것.,NO_DATA,두 소스 모두 저위험 → 최댓값 채택,YELLOW
2923,기타,RED,"① [Google] 매칭 근거: 수출금지 (최고점수 13, Google 61건 중 위험/주의 8건) | ② 최고 위험 기사: [2026-07-31] 트럼프 ""핵심광물 재활용 필수""…폐배터리 등 수출 금지 지시 - 네이트 | ③ 판정: 위험 신호 반복/고득점 확인 → 구조적 RED 판정과 일치, 즉시 대체선 검토 권고.",NO_DATA,[KOTRA] 관련 기사 0건 수집. | 이 소스만으로는 판단 불가 — 신호는 구조지표(HHI)로 대체 판단 필요. | 다른 소스(Google/KOTRA)의 결과를 함께 확인할 것.,RED,"Google(조기경보) RED, KOTRA 데이터 부족(발행빈도 낮음) → Google 단독 RED 채택",YELLOW
3703,기타[천연색 사진용(폴리크롬)으로 한,NO_DATA,[Google] 관련 기사 0건 수집. | 이 소스만으로는 판단 불가 — 신호는 구조지표(HHI)로 대체 판단 필요. | 다른 소스(Google/KOTRA)의 결과를 함께 확인할 것.,NO_DATA,[KOTRA] 관련 기사 0건 수집. | 이 소스만으로는 판단 불가 — 신호는 구조지표(HHI)로 대체 판단 필요. | 다른 소스(Google/KOTRA)의 결과를 함께 확인할 것.,NO_DATA,두 소스 모두 저위험 → 최댓값 채택,RED
9406,기타,RED,"① [Google] 매칭 근거: 수출금지 (최고점수 13, Google 65건 중 위험/주의 8건) | ② 최고 위험 기사: [2026-07-31] 트럼프 ""핵심광물 재활용 필수""…폐배터리 등 수출 금지 지시 - 네이트 | ③ 판정: 위험 신호 반복/고득점 확인 → 구조적 RED 판정과 일치, 즉시 대체선 검토 권고.",NO_DATA,[KOTRA] 관련 기사 0건 수집. | 이 소스만으로는 판단 불가 — 신호는 구조지표(HHI)로 대체 판단 필요. | 다른 소스(Google/KOTRA)의 결과를 함께 확인할 것.,RED,"Google(조기경보) RED, KOTRA 데이터 부족(발행빈도 낮음) → Google 단독 RED 채택",RED
2837,시안착염,NO_DATA,[Google] 관련 기사 0건 수집. | 이 소스만으로는 판단 불가 — 신호는 구조지표(HHI)로 대체 판단 필요. | 다른 소스(Google/KOTRA)의 결과를 함께 확인할 것.,GREEN,"① [KOTRA] 매칭 근거: 매칭 키워드 없음 (최고점수 3, KOTRA 3건 중 위험/주의 0건) | ② 최고 위험 기사: [2026-07-03] 중국 섬서성 반도체 산업 동향 시안, 중국 서부 반도체 공급망의 핵심 거점 | ③ 판정: 위험 신호 미확인 → 뉴스상으로는 안정적, 다만 구조적 HHI 위험도는 별도 확인 필요.",NO_DATA,두 소스 모두 저위험 → 최댓값 채택,YELLOW
2910,기타,RED,"① [Google] 매칭 근거: 수출금지 (최고점수 13, Google 62건 중 위험/주의 8건) | ② 최고 위험 기사: [2026-07-31] 트럼프 ""핵심광물 재활용 필수""…폐배터리 등 수출 금지 지시 - 네이트 | ③ 판정: 위험 신호 반복/고득점 확인 → 구조적 RED 판정과 일치, 즉시 대체선 검토 권고.",NO_DATA,[KOTRA] 관련 기사 0건 수집. | 이 소스만으로는 판단 불가 — 신호는 구조지표(HHI)로 대체 판단 필요. | 다른 소스(Google/KOTRA)의 결과를 함께 확인할 것.,RED,"Google(조기경보) RED, KOTRA 데이터 부족(발행빈도 낮음) → Google 단독 RED 채택",YELLOW
7607,뒷면을 붙인 것,GREEN,"① [Google] 매칭 근거: 매칭 키워드 없음 (최고점수 0, Google 1건 중 위험/주의 0건) | ② 최고 위험 기사: [2026-07-28] 요즘 Z세대 휴대폰엔 다 있다… '거북이 부적' 정체 - magazine.hankyung.com | ③ 판정: 위험 신호 미확인 → 뉴스상으로는 안정적, 다만 구조적 HHI 위험도는 별도 확인 필요.",NO_DATA,[KOTRA] 관련 기사 0건 수집. | 이 소스만으로는 판단 불가 — 신호는 구조지표(HHI)로 대체 판단 필요. | 다른 소스(Google/KOTRA)의 결과를 함께 확인할 것.,GREEN,두 소스 모두 저위험 → 최댓값 채택,RED
3919,기타,RED,"① [Google] 매칭 근거: 수출금지 (최고점수 13, Google 61건 중 위험/주의 8건) | ② 최고 위험 기사: [2026-07-31] 트럼프 ""핵심광물 재활용 필수""…폐배터리 등 수출 금지 지시 - 네이트 | ③ 판정: 위험 신호 반복/고득점 확인 → 구조적 RED 판정과 일치, 즉시 대체선 검토 권고.",NO_DATA,[KOTRA] 관련 기사 0건 수집. | 이 소스만으로는 판단 불가 — 신호는 구조지표(HHI)로 대체 판단 필요. | 다른 소스(Google/KOTRA)의 결과를 함께 확인할 것.,RED,"Google(조기경보) RED, KOTRA 데이터 부족(발행빈도 낮음) → Google 단독 RED 채택",YELLOW
7020,유리로 만든 그 밖의 제품,NO_DATA,[Google] 관련 기사 0건 수집. | 이 소스만으로는 판단 불가 — 신호는 구조지표(HHI)로 대체 판단 필요. | 다른 소스(Google/KOTRA)의 결과를 함께 확인할 것.,GREEN,"① [KOTRA] 매칭 근거: 매칭 키워드 없음 (최고점수 0, KOTRA 1건 중 위험/주의 0건) | ② 최고 위험 기사: [2026-05-29] 네덜란드 유리온실 현황 및 미래  | ③ 판정: 위험 신호 미확인 → 뉴스상으로는 안정적, 다만 구조적 HHI 위험도는 별도 확인 필요.",NO_DATA,두 소스 모두 저위험 → 최댓값 채택,YELLOW
2828,기타,RED,"① [Google] 매칭 근거: 수출금지 (최고점수 13, Google 61건 중 위험/주의 8건) | ② 최고 위험 기사: [2026-07-31] 트럼프 ""핵심광물 재활용 필수""…폐배터리 등 수출 금지 지시 - 네이트 | ③ 판정: 위험 신호 반복/고득점 확인 → 구조적 RED 판정과 일치, 즉시 대체선 검토 권고.",NO_DATA,[KOTRA] 관련 기사 0건 수집. | 이 소스만으로는 판단 불가 — 신호는 구조지표(HHI)로 대체 판단 필요. | 다른 소스(Google/KOTRA)의 결과를 함께 확인할 것.,RED,"Google(조기경보) RED, KOTRA 데이터 부족(발행빈도 낮음) → Google 단독 RED 채택",YELLOW
7307,기타,RED,"① [Google] 매칭 근거: 수출금지 (최고점수 13, Google 61건 중 위험/주의 8건) | ② 최고 위험 기사: [2026-07-31] 트럼프 ""핵심광물 재활용 필수""…폐배터리 등 수출 금지 지시 - 네이트 | ③ 판정: 위험 신호 반복/고득점 확인 → 구조적 RED 판정과 일치, 즉시 대체선 검토 권고.",NO_DATA,[KOTRA] 관련 기사 0건 수집. | 이 소스만으로는 판단 불가 — 신호는 구조지표(HHI)로 대체 판단 필요. | 다른 소스(Google/KOTRA)의 결과를 함께 확인할 것.,RED,"Google(조기경보) RED, KOTRA 데이터 부족(발행빈도 낮음) → Google 단독 RED 채택",YELLOW
2810,붕소의 산화물과 붕산,NO_DATA,[Google] 관련 기사 0건 수집. | 이 소스만으로는 판단 불가 — 신호는 구조지표(HHI)로 대체 판단 필요. | 다른 소스(Google/KOTRA)의 결과를 함께 확인할 것.,NO_DATA,[KOTRA] 관련 기사 0건 수집. | 이 소스만으로는 판단 불가 — 신호는 구조지표(HHI)로 대체 판단 필요. | 다른 소스(Google/KOTRA)의 결과를 함께 확인할 것.,NO_DATA,두 소스 모두 저위험 → 최댓값 채택,RED
6809,그 밖의 제품,GREEN,"① [Google] 매칭 근거: 매칭 키워드 없음 (최고점수 0, Google 3건 중 위험/주의 0건) | ② 최고 위험 기사: [2026-08-03] 국회는 여러 중요한 입법 사안을 심의하고 결정할 것입니다. - Vietnam.vn | ③ 판정: 위험 신호 미확인 → 뉴스상으로는 안정적, 다만 구조적 HHI 위험도는 별도 확인 필요.",NO_DATA,[KOTRA] 관련 기사 0건 수집. | 이 소스만으로는 판단 불가 — 신호는 구조지표(HHI)로 대체 판단 필요. | 다른 소스(Google/KOTRA)의 결과를 함께 확인할 것.,GREEN,두 소스 모두 저위험 → 최댓값 채택,RED
2601,응결시키지 않은 것,NO_DATA,[Google] 관련 기사 0건 수집. | 이 소스만으로는 판단 불가 — 신호는 구조지표(HHI)로 대체 판단 필요. | 다른 소스(Google/KOTRA)의 결과를 함께 확인할 것.,NO_DATA,[KOTRA] 관련 기사 0건 수집. | 이 소스만으로는 판단 불가 — 신호는 구조지표(HHI)로 대체 판단 필요. | 다른 소스(Google/KOTRA)의 결과를 함께 확인할 것.,NO_DATA,두 소스 모두 저위험 → 최댓값 채택,RED
3707,기타,RED,"① [Google] 매칭 근거: 수출금지 (최고점수 13, Google 61건 중 위험/주의 8건) | ② 최고 위험 기사: [2026-07-31] 트럼프 ""핵심광물 재활용 필수""…폐배터리 등 수출 금지 지시 - 네이트 | ③ 판정: 위험 신호 반복/고득점 확인 → 구조적 RED 판정과 일치, 즉시 대체선 검토 권고.",NO_DATA,[KOTRA] 관련 기사 0건 수집. | 이 소스만으로는 판단 불가 — 신호는 구조지표(HHI)로 대체 판단 필요. | 다른 소스(Google/KOTRA)의 결과를 함께 확인할 것.,RED,"Google(조기경보) RED, KOTRA 데이터 부족(발행빈도 낮음) → Google 단독 RED 채택",RED
7213,기타[쾌삭강(快削鋼)의 것으로 한정한,NO_DATA,[Google] 관련 기사 0건 수집. | 이 소스만으로는 판단 불가 — 신호는 구조지표(HHI)로 대체 판단 필요. | 다른 소스(Google/KOTRA)의 결과를 함께 확인할 것.,NO_DATA,[KOTRA] 관련 기사 0건 수집. | 이 소스만으로는 판단 불가 — 신호는 구조지표(HHI)로 대체 판단 필요. | 다른 소스(Google/KOTRA)의 결과를 함께 확인할 것.,NO_DATA,두 소스 모두 저위험 → 최댓값 채택,RED
3604,기타,RED,"① [Google] 매칭 근거: 수출금지 (최고점수 13, Google 61건 중 위험/주의 8건) | ② 최고 위험 기사: [2026-07-31] 트럼프 ""핵심광물 재활용 필수""…폐배터리 등 수출 금지 지시 - 네이트 | ③ 판정: 위험 신호 반복/고득점 확인 → 구조적 RED 판정과 일치, 즉시 대체선 검토 권고.",NO_DATA,[KOTRA] 관련 기사 0건 수집. | 이 소스만으로는 판단 불가 — 신호는 구조지표(HHI)로 대체 판단 필요. | 다른 소스(Google/KOTRA)의 결과를 함께 확인할 것.,RED,"Google(조기경보) RED, KOTRA 데이터 부족(발행빈도 낮음) → Google 단독 RED 채택",RED
3921,기타,RED,"① [Google] 매칭 근거: 수출금지 (최고점수 13, Google 61건 중 위험/주의 8건) | ② 최고 위험 기사: [2026-07-31] 트럼프 ""핵심광물 재활용 필수""…폐배터리 등 수출 금지 지시 - 네이트 | ③ 판정: 위험 신호 반복/고득점 확인 → 구조적 RED 판정과 일치, 즉시 대체선 검토 권고.",NO_DATA,[KOTRA] 관련 기사 0건 수집. | 이 소스만으로는 판단 불가 — 신호는 구조지표(HHI)로 대체 판단 필요. | 다른 소스(Google/KOTRA)의 결과를 함께 확인할 것.,RED,"Google(조기경보) RED, KOTRA 데이터 부족(발행빈도 낮음) → Google 단독 RED 채택",YELLOW
7226,기타,RED,"① [Google] 매칭 근거: 수출금지 (최고점수 13, Google 61건 중 위험/주의 8건) | ② 최고 위험 기사: [2026-07-31] 트럼프 ""핵심광물 재활용 필수""…폐배터리 등 수출 금지 지시 - 네이트 | ③ 판정: 위험 신호 반복/고득점 확인 → 구조적 RED 판정과 일치, 즉시 대체선 검토 권고.",NO_DATA,[KOTRA] 관련 기사 0건 수집. | 이 소스만으로는 판단 불가 — 신호는 구조지표(HHI)로 대체 판단 필요. | 다른 소스(Google/KOTRA)의 결과를 함께 확인할 것.,RED,"Google(조기경보) RED, KOTRA 데이터 부족(발행빈도 낮음) → Google 단독 RED 채택",RED
2818,산화알루미늄[인조 커런덤(corund,NO_DATA,[Google] 관련 기사 0건 수집. | 이 소스만으로는 판단 불가 — 신호는 구조지표(HHI)로 대체 판단 필요. | 다른 소스(Google/KOTRA)의 결과를 함께 확인할 것.,GREEN,"① [KOTRA] 매칭 근거: 매칭 키워드 없음 (최고점수 0, KOTRA 1건 중 위험/주의 0건) | ② 최고 위험 기사: [2026-07-21] 중국 조선 세계 1위의 그늘, 기자재 국산화율 54%&hellip; 韓 기업, 고부가 선박에서 답을 찾다 | ③ 판정: 위험 신호 미확인 → 뉴스상으로는 안정적, 다만 구조적 HHI 위험도는 별도 확인 필요.",NO_DATA,두 소스 모두 저위험 → 최댓값 채택,YELLOW
2931,기타,RED,"① [Google] 매칭 근거: 수출금지 (최고점수 13, Google 61건 중 위험/주의 8건) | ② 최고 위험 기사: [2026-07-31] 트럼프 ""핵심광물 재활용 필수""…폐배터리 등 수출 금지 지시 - 네이트 | ③ 판정: 위험 신호 반복/고득점 확인 → 구조적 RED 판정과 일치, 즉시 대체선 검토 권고.",NO_DATA,[KOTRA] 관련 기사 0건 수집. | 이 소스만으로는 판단 불가 — 신호는 구조지표(HHI)로 대체 판단 필요. | 다른 소스(Google/KOTRA)의 결과를 함께 확인할 것.,RED,"Google(조기경보) RED, KOTRA 데이터 부족(발행빈도 낮음) → Google 단독 RED 채택",YELLOW
6801,포석ㆍ연석ㆍ판석[천연 석재로 한정하며,NO_DATA,[Google] 관련 기사 0건 수집. | 이 소스만으로는 판단 불가 — 신호는 구조지표(HHI)로 대체 판단 필요. | 다른 소스(Google/KOTRA)의 결과를 함께 확인할 것.,NO_DATA,[KOTRA] 관련 기사 0건 수집. | 이 소스만으로는 판단 불가 — 신호는 구조지표(HHI)로 대체 판단 필요. | 다른 소스(Google/KOTRA)의 결과를 함께 확인할 것.,NO_DATA,두 소스 모두 저위험 → 최댓값 채택,RED
2932,기타,RED,"① [Google] 매칭 근거: 수출금지 (최고점수 13, Google 61건 중 위험/주의 8건) | ② 최고 위험 기사: [2026-07-31] 트럼프 ""핵심광물 재활용 필수""…폐배터리 등 수출 금지 지시 - 네이트 | ③ 판정: 위험 신호 반복/고득점 확인 → 구조적 RED 판정과 일치, 즉시 대체선 검토 권고.",NO_DATA,[KOTRA] 관련 기사 0건 수집. | 이 소스만으로는 판단 불가 — 신호는 구조지표(HHI)로 대체 판단 필요. | 다른 소스(Google/KOTRA)의 결과를 함께 확인할 것.,RED,"Google(조기경보) RED, KOTRA 데이터 부족(발행빈도 낮음) → Google 단독 RED 채택",YELLOW
3809,섬유산업이나 이와 유사한 산업에서 사,NO_DATA,[Google] 관련 기사 0건 수집. | 이 소스만으로는 판단 불가 — 신호는 구조지표(HHI)로 대체 판단 필요. | 다른 소스(Google/KOTRA)의 결과를 함께 확인할 것.,GREEN,"① [KOTRA] 매칭 근거: 매칭 키워드 없음 (최고점수 3, KOTRA 8건 중 위험/주의 0건) | ② 최고 위험 기사: [2026-06-22] 글로벌 섬유&middot;패션 공급망이 한자리에, 2026 시드니 글로벌 소싱 엑스포 개최 | ③ 판정: 위험 신호 미확인 → 뉴스상으로는 안정적, 다만 구조적 HHI 위험도는 별도 확인 필요.",NO_DATA,두 소스 모두 저위험 → 최댓값 채택,YELLOW
2904,술폰화유도체와 이들의 염과 에틸에스테,NO_DATA,[Google] 관련 기사 0건 수집. | 이 소스만으로는 판단 불가 — 신호는 구조지표(HHI)로 대체 판단 필요. | 다른 소스(Google/KOTRA)의 결과를 함께 확인할 것.,NO_DATA,[KOTRA] 관련 기사 0건 수집. | 이 소스만으로는 판단 불가 — 신호는 구조지표(HHI)로 대체 판단 필요. | 다른 소스(Google/KOTRA)의 결과를 함께 확인할 것.,NO_DATA,두 소스 모두 저위험 → 최댓값 채택,YELLOW
7208,두께가 3밀리미터 이상 4.75밀리미,NO_DATA,[Google] 관련 기사 0건 수집. | 이 소스만으로는 판단 불가 — 신호는 구조지표(HHI)로 대체 판단 필요. | 다른 소스(Google/KOTRA)의 결과를 함께 확인할 것.,NO_DATA,[KOTRA] 관련 기사 0건 수집. | 이 소스만으로는 판단 불가 — 신호는 구조지표(HHI)로 대체 판단 필요. | 다른 소스(Google/KOTRA)의 결과를 함께 확인할 것.,NO_DATA,두 소스 모두 저위험 → 최댓값 채택,YELLOW
7326,기타,RED,"① [Google] 매칭 근거: 수출금지 (최고점수 13, Google 61건 중 위험/주의 8건) | ② 최고 위험 기사: [2026-07-31] 트럼프 ""핵심광물 재활용 필수""…폐배터리 등 수출 금지 지시 - 네이트 | ③ 판정: 위험 신호 반복/고득점 확인 → 구조적 RED 판정과 일치, 즉시 대체선 검토 권고.",NO_DATA,[KOTRA] 관련 기사 0건 수집. | 이 소스만으로는 판단 불가 — 신호는 구조지표(HHI)로 대체 판단 필요. | 다른 소스(Google/KOTRA)의 결과를 함께 확인할 것.,RED,"Google(조기경보) RED, KOTRA 데이터 부족(발행빈도 낮음) → Google 단독 RED 채택",YELLOW
6905,기와(지붕타일),NO_DATA,[Google] 관련 기사 0건 수집. | 이 소스만으로는 판단 불가 — 신호는 구조지표(HHI)로 대체 판단 필요. | 다른 소스(Google/KOTRA)의 결과를 함께 확인할 것.,GREEN,"① [KOTRA] 매칭 근거: 매칭 키워드 없음 (최고점수 3, KOTRA 2건 중 위험/주의 0건) | ② 최고 위험 기사: [2026-05-27] 공급망 충격과 CEPA 발효, UAE 알루미늄 공급망의 위기와 기회 | ③ 판정: 위험 신호 미확인 → 뉴스상으로는 안정적, 다만 구조적 HHI 위험도는 별도 확인 필요.",NO_DATA,두 소스 모두 저위험 → 최댓값 채택,RED
